signal_date,symbol,source,signal_close,r5_pct,entry_date,entry_px,exit_date,exit_px,exit_reason,days_held,ret_bps,win,status,last_close,open_ret_bps,my_entry,my_exit,note
2026-03-13,DYNAMATECH,replay,9080.0,-16.9,2026-03-16,8949.0,2026-03-17,9485.94,target +6%,2.0,553.0,1.0,closed,,,,,
2026-03-13,KEI,replay,4158.0,-16.8,2026-03-16,4117.0,2026-03-18,4364.02,target +6%,3.0,553.0,1.0,closed,,,,,
2026-03-13,PRECWIRE,replay,283.15,-16.4,2026-03-16,285.65,2026-03-18,302.79,target +6%,3.0,553.0,1.0,closed,,,,,
2026-03-13,MRPL,replay,178.14,-14.8,2026-03-16,178.1,2026-03-16,188.79,target +6%,1.0,553.0,1.0,closed,,,,,
2026-03-13,APARINDS,replay,8989.0,-14.5,2026-03-16,8989.0,2026-03-17,9528.34,target +6%,2.0,553.0,1.0,closed,,,,,
2026-03-13,BHARATFORG,replay,1675.1,-13.8,2026-03-16,1675.1,2026-03-18,1775.61,target +6%,3.0,553.0,1.0,closed,,,,,
2026-03-13,ASHOKLEY,replay,170.65,-13.2,2026-03-16,169.3,2026-03-18,179.46,target +6%,3.0,553.0,1.0,closed,,,,,
2026-03-13,FINCABLES,replay,856.0,-12.4,2026-03-16,851.0,2026-04-08,848.1,7-day closing high,15.0,-64.0,0.0,closed,,,,,
2026-03-13,EICHERMOT,replay,6741.0,-12.3,2026-03-16,6701.0,2026-04-08,7103.06,target +6%,15.0,553.0,1.0,closed,,,,,
2026-03-13,JAMNAAUTO,replay,117.56,-12.0,2026-03-16,117.0,2026-03-18,124.02,target +6%,3.0,553.0,1.0,closed,,,,,
2026-03-13,TDPOWERSYS,replay,780.5,-11.9,,,,,,,,,skipped (10 open),,,,,
2026-03-13,SANSERA,replay,1953.4,-11.8,,,,,,,,,skipped (10 open),,,,,
2026-03-13,MTARTECH,replay,3388.0,-11.0,,,,,,,,,skipped (10 open),,,,,
2026-03-13,APLAPOLLO,replay,1933.2,-10.8,,,,,,,,,skipped (10 open),,,,,
2026-03-13,BAJAJCON,replay,334.1,-10.7,,,,,,,,,skipped (10 open),,,,,
2026-03-13,KARURVYSYA,replay,282.1,-10.3,,,,,,,,,skipped (10 open),,,,,
2026-03-13,JSWSTEEL,replay,1119.3,-9.7,,,,,,,,,skipped (10 open),,,,,
2026-03-13,M&MFIN,replay,330.2,-9.6,,,,,,,,,skipped (10 open),,,,,
2026-03-13,MAHABANK,replay,64.09,-9.0,,,,,,,,,skipped (10 open),,,,,
2026-03-13,SBIN,replay,1047.0,-8.8,,,,,,,,,skipped (10 open),,,,,
2026-03-13,AUBANK,replay,884.35,-8.6,,,,,,,,,skipped (10 open),,,,,
2026-03-13,FEDERALBNK,replay,263.05,-8.5,,,,,,,,,skipped (10 open),,,,,
2026-03-13,SAILIFE,replay,953.05,-8.4,,,,,,,,,skipped (10 open),,,,,
2026-03-13,DATAPATTNS,replay,3215.0,-8.2,,,,,,,,,skipped (10 open),,,,,
2026-03-13,UNIONBANK,replay,173.88,-8.2,,,,,,,,,skipped (10 open),,,,,
2026-03-13,CANBK,replay,134.68,-8.0,,,,,,,,,skipped (10 open),,,,,
2026-03-13,KRN,replay,856.0,-7.9,,,,,,,,,skipped (10 open),,,,,
2026-03-13,TATASTEEL,replay,183.51,-7.8,,,,,,,,,skipped (10 open),,,,,
2026-03-13,INDIANB,replay,870.3,-7.6,,,,,,,,,skipped (10 open),,,,,
2026-03-13,MOTHERSON,replay,113.82,-7.6,,,,,,,,,skipped (10 open),,,,,
2026-03-13,IOC,replay,156.54,-7.5,,,,,,,,,skipped (10 open),,,,,
2026-03-13,GVT&D,replay,3604.3,-7.1,,,,,,,,,skipped (10 open),,,,,
2026-03-13,GRAPHITE,replay,621.55,-6.9,,,,,,,,,skipped (10 open),,,,,
2026-03-13,PFOCUS,replay,257.45,-6.8,,,,,,,,,skipped (10 open),,,,,
2026-03-16,FINCABLES,replay,845.0,-13.0,2026-03-17,856.8,2026-04-08,848.1,7-day closing high,14.0,-132.0,0.0,closed,,,,,
2026-03-16,DATAPATTNS,replay,3095.9,-12.1,,,,,,,,,skipped (10 open),,,,,
2026-03-16,APLAPOLLO,replay,1893.7,-10.2,,,,,,,,,skipped (10 open),,,,,
2026-03-16,BELRISE,replay,174.6,-10.1,,,,,,,,,skipped (10 open),,,,,
2026-03-16,M&MFIN,replay,319.55,-8.5,,,,,,,,,skipped (10 open),,,,,
2026-03-16,KRN,replay,850.25,-7.8,,,,,,,,,skipped (10 open),,,,,
2026-03-16,HINDZINC,replay,533.85,-7.4,,,,,,,,,skipped (10 open),,,,,
2026-03-19,DEEDEV,replay,266.1,-15.2,2026-03-20,271.85,2026-04-01,288.16,target +6%,7.0,553.0,1.0,closed,,,,,
2026-03-19,LAURUSLABS,replay,944.9,-10.2,2026-03-20,960.8,2026-03-24,992.6,7-day closing high,3.0,296.0,1.0,closed,,,,,
2026-03-19,SCI,replay,230.1,-8.6,2026-03-20,232.5,2026-04-08,237.57,7-day closing high,11.0,186.0,1.0,closed,,,,,
2026-03-19,KARURVYSYA,replay,271.8,-8.4,2026-03-20,273.95,2026-03-25,290.39,target +6%,4.0,553.0,1.0,closed,,,,,
2026-03-19,SHRIRAMFIN,replay,949.8,-8.3,2026-03-20,962.0,2026-04-08,1019.72,target +6%,11.0,553.0,1.0,closed,,,,,
2026-03-19,SOUTHBANK,replay,35.96,-8.1,2026-03-20,36.2,2026-04-06,37.25,7-day closing high,9.0,256.0,1.0,closed,,,,,
2026-03-19,AARTIIND,replay,411.85,-8.0,2026-03-20,415.2,2026-04-08,421.7,7-day closing high,11.0,125.0,1.0,closed,,,,,
2026-03-19,NATCOPHARM,replay,938.05,-8.0,,,,,,,,,skipped (10 open),,,,,
2026-03-19,HINDALCO,replay,897.05,-7.8,,,,,,,,,skipped (10 open),,,,,
2026-03-19,VEDL,replay,665.35,-7.8,,,,,,,,,skipped (10 open),,,,,
2026-03-19,SHARDACROP,replay,958.4,-7.5,,,,,,,,,skipped (10 open),,,,,
2026-03-19,GRAPHITE,replay,599.75,-7.4,,,,,,,,,skipped (10 open),,,,,
2026-03-19,ASTERDM,replay,636.2,-7.3,,,,,,,,,skipped (10 open),,,,,
2026-03-19,GLENMARK,replay,2097.5,-7.3,,,,,,,,,skipped (10 open),,,,,
2026-03-19,J&KBANK,replay,118.58,-7.3,,,,,,,,,skipped (10 open),,,,,
2026-03-19,MOTHERSON,replay,111.75,-7.3,,,,,,,,,skipped (10 open),,,,,
2026-03-19,JAYNECOIND,replay,70.15,-7.2,,,,,,,,,skipped (10 open),,,,,
2026-03-19,PFOCUS,replay,256.15,-6.9,,,,,,,,,skipped (10 open),,,,,
2026-03-23,KIRLOSENG,replay,1287.7,-13.3,,,,,,,,,skipped (10 open),,,,,
2026-03-23,J&KBANK,replay,109.33,-12.3,,,,,,,,,skipped (10 open),,,,,
2026-03-23,SHRIRAMFIN,replay,877.7,-12.2,,,,,,,,,skipped (10 open),,,,,
2026-03-23,AEROFLEX,replay,223.29,-10.1,,,,,,,,,skipped (10 open),,,,,
2026-03-23,MCX,replay,2314.4,-9.9,,,,,,,,,skipped (10 open),,,,,
2026-03-23,HINDALCO,replay,840.25,-9.2,,,,,,,,,skipped (10 open),,,,,
2026-03-23,THANGAMAYL,replay,3158.8,-8.8,,,,,,,,,skipped (10 open),,,,,
2026-03-23,KARURVYSYA,replay,261.15,-8.6,,,,,,,,,skipped (10 open),,,,,
2026-03-23,ABSLAMC,replay,889.25,-6.9,,,,,,,,,skipped (10 open),,,,,
2026-03-24,JINDALPOLY,replay,863.95,-11.6,2026-03-25,840.35,2026-04-01,735.6,stop -12%,4.0,-1361.0,0.0,closed,,,,,
2026-03-24,MRPL,replay,181.72,-9.8,,,,,,,,,skipped (10 open),,,,,
2026-03-30,JINDALPOLY,replay,740.85,-25.6,2026-04-01,743.75,2026-04-06,788.38,target +6%,3.0,553.0,1.0,closed,,,,,
2026-03-30,AGIIL,replay,280.6,-10.5,,,,,,,,,skipped (10 open),,,,,
2026-03-30,BANKINDIA,replay,136.99,-9.4,,,,,,,,,skipped (10 open),,,,,
2026-03-30,ASHOKLEY,replay,154.13,-9.1,,,,,,,,,skipped (10 open),,,,,
2026-03-30,SBIN,replay,979.4,-7.7,,,,,,,,,skipped (10 open),,,,,
2026-03-30,DYNAMATECH,replay,9010.0,-7.4,,,,,,,,,skipped (10 open),,,,,
2026-09-15,IFCI,replay,76.95,-28.7,2026-09-16,77.2,2026-09-23,79.49,7-day closing high,6.0,262.0,1.0,closed,,,,,
2026-09-15,NIACL,replay,185.41,-22.1,2026-09-16,186.6,2026-09-17,197.8,target +6%,2.0,553.0,1.0,closed,,,,,
2026-09-15,BALAMINES,replay,2105.7,-19.8,2026-09-16,2128.3,2026-09-23,2256.0,target +6%,6.0,553.0,1.0,closed,,,,,
2026-09-15,IOLCP,replay,179.52,-17.1,2026-09-16,182.0,2026-09-16,192.92,target +6%,1.0,553.0,1.0,closed,,,,,
2026-09-15,SOLARINDS,replay,19250.0,-13.1,2026-09-16,19400.0,,,,,,,OPEN day 12,19400.0,-30.0,,,
2026-09-15,TEJASNET,replay,521.25,-13.0,2026-09-16,524.75,,,,,,,OPEN day 12,464.8,-1243.0,,,
2026-09-15,SKIPPER,replay,534.15,-12.4,2026-09-16,533.0,2026-09-18,564.98,target +6%,3.0,553.0,1.0,closed,,,,,
2026-09-15,LODHA,replay,1064.8,-12.0,2026-09-16,1050.0,2026-09-17,1113.0,target +6%,2.0,553.0,1.0,closed,,,,,
2026-09-15,IIFL,replay,581.05,-11.8,2026-09-16,583.55,2026-09-21,608.1,7-day closing high,4.0,382.0,1.0,closed,,,,,
2026-09-15,BALUFORGE,replay,498.2,-11.3,2026-09-16,496.0,2026-09-18,525.76,target +6%,3.0,553.0,1.0,closed,,,,,
2026-09-15,INOXINDIA,replay,1992.8,-11.3,,,,,,,,,skipped (10 open),,,,,
2026-09-15,NETWEB,replay,4614.0,-11.1,,,,,,,,,skipped (10 open),,,,,
2026-09-15,KIRIINDUS,replay,522.85,-10.9,,,,,,,,,skipped (10 open),,,,,
2026-09-15,THANGAMAYL,replay,4912.0,-10.8,,,,,,,,,skipped (10 open),,,,,
2026-09-15,URBANCO,replay,158.22,-10.7,,,,,,,,,skipped (10 open),,,,,
2026-09-15,PARAS,replay,1339.2,-10.6,,,,,,,,,skipped (10 open),,,,,
2026-09-15,JINDRILL,replay,598.65,-10.4,,,,,,,,,skipped (10 open),,,,,
2026-09-15,GNFC,replay,540.6,-10.1,,,,,,,,,skipped (10 open),,,,,
2026-09-15,TITAGARH,replay,811.45,-10.0,,,,,,,,,skipped (10 open),,,,,
2026-09-15,HCC,replay,21.32,-9.9,,,,,,,,,skipped (10 open),,,,,
2026-09-15,JSFB,replay,488.65,-9.7,,,,,,,,,skipped (10 open),,,,,
2026-09-15,AEROFLEX,replay,507.6,-9.5,,,,,,,,,skipped (10 open),,,,,
2026-09-15,NUVAMA,replay,1668.2,-9.4,,,,,,,,,skipped (10 open),,,,,
2026-09-15,ZENTEC,replay,1638.9,-9.1,,,,,,,,,skipped (10 open),,,,,
2026-09-15,AARTIPHARM,replay,789.45,-8.9,,,,,,,,,skipped (10 open),,,,,
2026-09-15,SCI,replay,269.05,-8.8,,,,,,,,,skipped (10 open),,,,,
2026-09-15,SHANTIGOLD,replay,247.89,-8.8,,,,,,,,,skipped (10 open),,,,,
2026-09-15,ANANTRAJ,replay,585.9,-8.6,,,,,,,,,skipped (10 open),,,,,
2026-09-15,COFORGE,replay,1775.5,-8.6,,,,,,,,,skipped (10 open),,,,,
2026-09-15,AVALON,replay,2160.7,-8.5,,,,,,,,,skipped (10 open),,,,,
2026-09-15,SAIL,replay,173.0,-8.3,,,,,,,,,skipped (10 open),,,,,
2026-09-15,BEML,replay,1939.3,-7.8,,,,,,,,,skipped (10 open),,,,,
2026-09-15,CGCL,replay,255.1,-7.8,,,,,,,,,skipped (10 open),,,,,
2026-09-15,PPLPHARMA,replay,203.47,-7.7,,,,,,,,,skipped (10 open),,,,,
2026-09-15,WELCORP,replay,2413.3,-7.4,,,,,,,,,skipped (10 open),,,,,
2026-09-15,DIXON,replay,13180.0,-7.3,,,,,,,,,skipped (10 open),,,,,
2026-09-15,KRBL,replay,397.15,-7.3,,,,,,,,,skipped (10 open),,,,,
2026-09-15,DEEPINDS,replay,730.4,-7.2,,,,,,,,,skipped (10 open),,,,,
2026-09-15,RAIN,replay,196.74,-7.2,,,,,,,,,skipped (10 open),,,,,
2026-09-15,ASTERDM,replay,741.25,-7.1,,,,,,,,,skipped (10 open),,,,,
2026-09-15,ASTRAMICRO,replay,1593.8,-7.1,,,,,,,,,skipped (10 open),,,,,
2026-09-15,VINCOFE,replay,166.54,-7.1,,,,,,,,,skipped (10 open),,,,,
2026-09-15,APARINDS,replay,16550.0,-6.9,,,,,,,,,skipped (10 open),,,,,
2026-09-15,JINDALSAW,replay,289.0,-6.9,,,,,,,,,skipped (10 open),,,,,
2026-09-15,MARKSANS,replay,312.85,-6.9,,,,,,,,,skipped (10 open),,,,,
2026-09-15,SBCL,replay,1020.2,-6.8,,,,,,,,,skipped (10 open),,,,,
